{"accuracy": [0.9116482734680176, 0.9822880029678345, 0.9902063012123108, 0.9881225228309631, 0.9924984574317932, 0.9954156875610352, 0.9954156875610352, 0.9977078437805176, 0.997291088104248, 0.9979162216186523], "loss": [0.22256793081760406, 0.06548453867435455, 0.037688225507736206, 0.04025433957576752, 0.02475513331592083, 0.018247516825795174, 0.014496292918920517, 0.00958944670855999, 0.009531792253255844, 0.007241453509777784], "val_accuracy": [0.9825145602226257, 0.9850124716758728, 0.9941715002059937, 0.9900083541870117, 0.9933388829231262, 0.9991673827171326, 1.0, 0.9991673827171326, 0.9941715002059937, 0.9983347058296204], "val_loss": [0.05659954249858856, 0.03786733001470566, 0.022008780390024185, 0.021601764485239983, 0.016697006300091743, 0.006447065155953169, 0.007365983445197344, 0.004523736424744129, 0.015733223408460617, 0.0035716798156499863]}