{"accuracy": [0.9237341284751892, 0.982704758644104, 0.9887476563453674, 0.9910398125648499, 0.9908314347267151, 0.9931235909461975, 0.9956240653991699, 0.9954156875610352, 0.9956240653991699, 0.9966659545898438], "loss": [0.2243993729352951, 0.07185155153274536, 0.044229838997125626, 0.034031547605991364, 0.028829289600253105, 0.022876258939504623, 0.019310494884848595, 0.017769955098628998, 0.015210529789328575, 0.011854777112603188], "val_accuracy": [0.9841798543930054, 0.9900083541870117, 0.9950041770935059, 0.9975020885467529, 0.9975020885467529, 0.9991673827171326, 1.0, 0.9991673827171326, 0.9991673827171326, 1.0], "val_loss": [0.07585011422634125, 0.038432177156209946, 0.026762638241052628, 0.018973182886838913, 0.01546101737767458, 0.011427948251366615, 0.010462108068168163, 0.007746730465441942, 0.0076532824896276, 0.005763413850218058]}