{"accuracy": [0.9912481904029846, 0.9945821762084961, 0.9949989318847656, 0.9958324432373047, 0.9970827102661133], "loss": [0.043634083122015, 0.02968943864107132, 0.02382895164191723, 0.020465100184082985, 0.017101377248764038], "val_accuracy": [0.9958367943763733, 1.0, 1.0, 1.0, 1.0], "val_loss": [0.015469135716557503, 0.012673212215304375, 0.010002353228628635, 0.00816285703331232, 0.006708250846713781]}