{"accuracy": [0.9414461255073547, 0.9918733239173889, 0.9956240653991699, 0.9977078437805176, 0.9987497329711914, 0.9989581108093262, 0.9993748664855957], "loss": [0.14952610433101654, 0.03149989992380142, 0.017438150942325592, 0.011941062286496162, 0.007476575206965208, 0.007273150607943535, 0.004839417990297079], "val_accuracy": [0.9883430600166321, 0.9991673827171326, 0.9983347058296204, 1.0, 1.0, 1.0, 1.0], "val_loss": [0.034911930561065674, 0.01386150624603033, 0.008230372332036495, 0.005591070279479027, 0.0037276095245033503, 0.0031429834198206663, 0.002383082639425993]}