{"accuracy": [0.9987497329711914, 1.0, 1.0, 1.0], "loss": [0.008282339200377464, 0.003163539106026292, 0.0019410982495173812, 0.0012604206567630172], "val_accuracy": [1.0, 1.0, 1.0, 1.0], "val_loss": [0.002596592763438821, 0.000987539067864418, 0.0005972066428512335, 0.00039688555989414454]}